sasha,watson,zinki,thngem,bbom,lalune,hungpui,junimo,eklove,candy,yangg,quyt,quả quýt cô đơn,paracetamon,roochan,wanlee,mekko,duygudboy,kie,zekrom,dithucc,namonade,myhanh,nas,yukin,hoanghiep,havu,nguoida,snipertx,cumber,svsh,keymis,a2ex,tieuchay,dogtung,alan,Result
0,2,0,0,1,1,0,0,1,2,0,0,0,0,2,0,0,0,0,0,0,0,1,0,0,0,0,2,0,1,0,0,0,0,0,2,1
0,0,0,0,2,2,2,0,1,1,0,0,0,0,1,0,0,0,0,0,0,0,1,0,0,0,0,2,0,2,0,0,0,0,0,1,1
0,0,0,0,2,1,2,0,2,2,0,0,0,0,0,0,0,0,0,0,0,1,1,0,0,0,0,1,0,2,0,0,0,0,0,1,2
0,2,0,0,0,2,0,0,1,2,0,0,0,0,1,0,0,0,0,2,0,2,1,0,0,0,0,1,0,0,0,0,0,0,0,1,2
0,2,0,0,0,1,0,0,1,1,0,0,0,0,2,0,0,0,0,2,0,2,1,0,0,0,0,2,0,0,0,0,0,0,0,1,2
0,0,0,0,1,0,2,0,2,1,0,0,0,0,0,0,0,2,0,0,0,2,0,0,0,2,0,0,0,1,0,0,0,1,0,1,1
0,0,0,0,2,1,2,0,2,1,0,0,0,0,0,0,0,0,0,0,0,1,0,0,0,2,0,0,0,2,1,0,0,0,0,1,2
0,0,0,0,1,2,0,0,1,2,0,0,0,0,0,0,0,0,0,1,0,1,0,0,0,0,2,0,0,2,1,0,0,0,0,2,2
0,0,0,0,1,2,0,0,2,2,0,0,0,0,0,0,0,0,2,1,0,0,1,0,0,0,1,0,0,0,2,0,0,0,0,1,1
0,0,0,0,1,1,0,0,0,2,0,0,0,0,0,0,0,0,0,0,0,0,1,0,0,2,0,2,2,2,0,0,0,1,0,1,1
0,0,0,0,2,0,1,0,0,1,0,0,0,0,1,0,0,0,0,0,0,0,2,0,0,2,0,2,1,2,0,0,0,0,0,1,1
0,0,0,0,2,0,2,0,0,1,0,0,0,0,1,0,0,0,0,0,0,1,0,0,0,0,2,1,0,0,2,2,0,0,0,1,1
0,0,0,0,2,1,0,0,2,1,0,0,0,0,0,0,0,0,0,2,0,2,1,0,0,0,1,0,0,2,0,0,0,0,0,1,1
0,0,0,0,2,0,0,0,1,1,0,0,0,0,2,0,0,0,0,2,0,1,2,0,0,0,0,0,1,2,0,0,0,0,0,1,1
0,0,0,0,0,2,0,0,0,2,0,0,0,0,0,0,0,0,0,2,0,1,2,0,0,0,1,0,1,2,1,0,0,0,0,1,2
0,0,0,0,0,2,0,0,0,2,0,0,0,0,0,0,0,0,0,1,0,1,2,0,0,0,1,0,1,2,2,0,0,0,0,1,1
0,0,0,0,2,1,1,0,0,2,0,0,0,0,0,0,0,0,0,0,0,0,0,0,0,0,1,0,2,1,2,0,1,0,0,2,1
0,0,0,0,2,2,1,0,0,2,0,0,0,0,0,0,0,0,0,0,0,0,0,0,0,0,1,2,1,2,1,0,0,0,0,1,1
0,0,0,0,2,2,1,0,0,2,0,0,0,0,0,0,0,0,0,1,0,2,0,0,0,0,0,1,2,1,0,0,0,0,0,1,1
0,0,0,0,1,0,2,0,0,1,0,0,0,0,0,0,0,0,0,1,0,1,0,2,0,2,2,0,0,2,0,0,0,0,0,1,1
0,0,0,0,2,1,2,0,0,0,0,0,0,0,2,0,0,0,0,0,0,1,0,1,0,1,2,0,0,2,0,0,0,0,0,1,1
0,0,0,0,0,1,1,0,0,1,0,0,0,0,0,0,0,0,0,1,0,2,0,2,0,2,2,0,0,2,1,0,0,0,0,0,2
0,0,0,0,0,2,0,0,0,1,0,0,0,0,0,0,0,0,0,0,0,1,0,2,2,1,2,1,1,0,2,0,0,0,0,0,2
0,0,0,0,0,0,2,0,0,2,0,0,0,0,0,0,0,0,0,2,0,1,0,0,2,1,0,0,1,2,0,0,1,0,0,1,2
0,0,0,0,0,1,2,0,0,2,0,0,0,0,0,0,0,0,0,0,0,1,2,0,1,0,0,0,2,0,1,0,0,0,1,2,1
0,0,0,0,1,0,1,0,0,2,0,0,0,2,0,0,0,1,0,0,0,2,1,0,0,0,0,0,2,2,0,0,0,0,0,1,2
0,0,0,0,0,1,2,0,0,2,0,0,0,0,2,0,0,0,0,0,0,1,1,0,0,0,0,0,1,2,0,0,0,0,2,1,2
0,0,0,0,0,2,0,0,0,1,0,0,0,0,2,0,0,1,0,0,0,1,2,0,0,0,0,0,1,2,0,0,0,0,2,1,2
0,0,0,2,1,1,1,0,0,2,0,0,0,0,0,0,0,2,0,1,0,0,0,0,0,1,0,0,0,0,0,0,0,2,2,0,2
0,0,0,2,1,1,2,0,0,1,0,0,0,0,1,0,0,2,0,2,0,0,0,0,0,0,0,0,0,1,0,0,0,0,2,0,2
0,0,0,0,1,2,2,0,0,1,0,0,0,0,0,0,0,1,0,1,0,2,0,0,0,0,0,0,0,2,2,0,0,0,1,0,1
0,2,0,0,1,2,0,0,0,1,0,2,0,0,0,0,0,0,0,0,0,0,0,0,2,1,0,0,2,1,0,0,0,0,0,1,1
0,0,0,0,2,2,0,0,0,2,0,1,0,0,0,0,0,0,0,0,0,1,0,0,1,1,0,0,2,2,0,0,0,0,0,1,1
0,0,0,0,2,1,0,0,0,2,0,0,0,0,0,0,0,0,0,1,0,2,0,0,1,0,0,0,1,2,0,0,0,0,1,2,2
0,0,0,0,1,2,2,0,0,2,0,0,0,0,0,0,0,0,0,0,0,0,1,0,0,2,0,0,1,1,2,0,0,0,0,1,1
0,0,0,0,2,1,2,0,0,2,0,0,0,0,0,0,0,1,0,0,0,0,2,0,0,2,0,0,1,0,1,0,0,0,0,1,1
2,0,0,0,1,2,2,0,0,1,0,0,0,0,0,0,2,0,0,0,0,0,0,0,0,1,0,0,1,2,0,0,0,0,0,1,2
1,0,0,0,1,1,2,0,0,2,0,0,0,0,0,0,0,0,0,0,0,0,0,0,0,1,0,0,2,2,2,0,0,0,0,1,1
2,0,0,0,2,2,0,0,0,1,0,0,0,0,0,0,0,0,0,0,0,0,0,0,0,2,0,0,1,1,1,0,0,0,2,1,1
0,0,0,0,1,2,1,0,0,1,0,0,0,0,0,0,0,0,0,0,0,1,0,0,2,0,0,0,2,2,0,0,0,0,2,1,2
0,0,0,0,2,1,1,0,0,2,0,0,0,0,0,0,0,0,0,0,0,1,0,0,1,0,0,0,2,2,0,0,0,0,2,1,2
0,2,0,0,1,1,0,0,0,2,0,1,0,0,0,0,0,0,0,1,0,0,0,0,0,2,1,0,0,0,2,0,0,0,2,0,1
0,0,0,0,1,1,0,0,0,2,0,0,0,0,0,0,0,0,0,2,0,1,0,0,2,0,1,0,0,1,2,0,0,0,2,0,1
0,0,0,0,1,1,0,0,0,1,0,0,0,0,0,0,0,0,0,0,0,2,2,0,2,0,2,0,0,2,0,0,0,0,1,1,1
0,0,0,0,1,2,2,0,0,1,0,0,0,0,0,0,0,0,0,1,0,2,1,0,0,0,0,0,0,2,0,0,0,0,2,1,2
0,0,0,1,1,1,2,0,0,2,0,0,0,0,0,0,0,0,0,0,0,2,2,0,1,0,0,0,0,0,0,0,0,0,2,1,2
